{
  "__type__": "cc.AnimationClip",
  "_name": "animationButtonUpGrand",
  "_objFlags": 0,
  "_native": "",
  "_duration": 2.1666666666666665,
  "sample": 60,
  "speed": 1,
  "wrapMode": 1,
  "curveData": {
    "props": {
      "position": [
        {
          "frame": 1.2833333333333334,
          "value": [
            -60.247,
            -448.805,
            0
          ]
        },
        {
          "frame": 1.8333333333333333,
          "value": [
            -60.247,
            -228.531,
            0
          ]
        },
        {
          "frame": 2.1666666666666665,
          "value": [
            -60.247,
            -282.778,
            0
          ]
        }
      ]
    }
  },
  "events": []
}