{
  "__type__": "cc.AnimationClip",
  "_name": "animationButtonGuild",
  "_objFlags": 0,
  "_native": "",
  "_duration": 1.1666666666666667,
  "sample": 60,
  "speed": 1,
  "wrapMode": 1,
  "curveData": {
    "props": {
      "position": [
        {
          "frame": 0.6666666666666666,
          "value": [
            -212.48,
            -450.448,
            0
          ]
        },
        {
          "frame": 1,
          "value": [
            -212.48,
            -231.818,
            0
          ]
        },
        {
          "frame": 1.1666666666666667,
          "value": [
            -212.48,
            -284.421,
            0
          ]
        }
      ]
    }
  },
  "events": []
}